date,lat_bin,lon_bin,mmsi,fishing_hours
2012-01-12,639,-524,331168000,28.978194444444441
2012-01-12,-38,-1700,441536000,1.8468055555555556
2012-01-12,-36,-1698,441536000,0.84875
2012-01-12,-37,-1695,441536000,0.025277777777777777
2012-01-12,-38,-1696,441536000,0.58652777777777776
2012-01-12,-38,-1695,441536000,0.011388888888888889
2012-01-12,-36,-1697,441536000,0.97694444444444439
2012-01-12,-41,-1696,441536000,0.40458333333333335
2012-01-12,-40,-1696,441536000,0.47819444444444437
2012-01-12,-37,-1700,441536000,1.8402777777777779
2012-01-12,-37,-1696,441536000,0.88680555555555551
2012-01-12,-39,-1696,441536000,0.8455555555555555
2012-01-12,489,-1267,316001025,1.6443055555555555
2012-01-12,493,-1272,316001025,9.1358333333333359
2012-01-12,490,-1269,316001025,1.6026388888888887
2012-01-12,489,-1268,316001025,11.445833333333335
2012-01-12,-15,1686,440885000,0.84833333333333327
2012-01-12,-12,1685,440885000,1.8384722222222218
2012-01-12,-12,1686,440885000,2.1584722222222221
2012-01-12,-18,1684,440885000,3.5083333333333337
2012-01-12,-17,1685,440885000,5.4215277777777784
2012-01-12,-15,1687,440885000,1.8161111111111108
2012-01-12,56,1745,431253000,2.2090277777777776
2012-01-12,58,1744,431253000,1.8216666666666665
2012-01-12,59,1744,431253000,3.710833333333333
2012-01-12,58,1742,431253000,3.5147222222222223
2012-01-12,-100,1558,441493000,4.2983333333333338
2012-01-12,-102,1557,441493000,1.2741666666666664
2012-01-12,-83,-1220,431797000,3.5366666666666666
2012-01-12,-95,-1221,431797000,4.7526388888888906
2012-01-12,-89,-1220,431797000,0.899861111111111
2012-01-12,-86,-1220,431797000,0.97819444444444448
2012-01-12,-73,662,416078600,0.81111111111111112
2012-01-12,-105,661,416078600,0.10583333333333333
2012-01-12,530,-123,228293900,0.11416666666666667
2012-01-12,-238,371,432426000,1.1645833333333333
2012-01-12,-231,372,432426000,2.8966666666666665
2012-01-12,-238,372,432426000,1.5338888888888882
2012-01-12,-233,373,432426000,7.4447222222222225
2012-01-12,-237,374,432426000,0.93972222222222224
2012-01-12,-238,373,432426000,1.811666666666667
2012-01-12,-237,373,432426000,0.86805555555555536
2012-01-12,-238,370,432426000,7.6808333333333332
2012-01-12,-463,-608,416842000,22.555000000000003
2012-01-12,53,1767,440778000,5.4840277777777775
2012-01-12,561,-1684,367411730,0.83763888888888882
2012-01-12,562,-1711,367411730,9.9081944444444439
2012-01-12,563,-1711,367411730,3.1708333333333338
2012-01-12,560,-1684,367411730,10.701527777777777
2012-01-12,377,-1227,366808340,6.8236111111111111
2012-01-12,377,-1228,366808340,0.21694444444444444
2012-01-12,664,-244,251257110,5.641805555555556
2012-01-12,-121,-1301,440895000,9.22375
2012-01-12,-120,-1300,440895000,9.1456944444444463
2012-01-12,-248,367,432447000,1.6873611111111104
2012-01-12,-251,367,432447000,0.77027777777777773
2012-01-12,-250,366,432447000,1.778888888888889
2012-01-12,-251,368,432447000,0.85555555555555562
2012-01-12,-252,369,432447000,7.3909722222222225
2012-01-12,-249,366,432447000,1.8412499999999994
2012-01-12,-247,367,432447000,7.2269444444444453
2012-01-12,-249,367,432447000,1.5076388888888885
2012-01-12,454,1376,273564700,22.263611111111111
2012-01-12,453,1375,273564700,11.1525
2012-01-12,-458,-603,412420382,2.3583333333333334
2012-01-12,-458,-605,412420382,22.258055555555554
2012-01-12,540,1554,273876000,1.6
2012-01-12,527,-107,250292000,0.010138888888888888
2012-01-12,527,-103,250292000,3.94
2012-01-12,117,1701,431828000,0.88527777777777783
2012-01-12,-237,375,431444000,0.78041666666666665
2012-01-12,-238,374,431444000,1.7730555555555556
2012-01-12,-239,373,431444000,1.0090277777777776
2012-01-12,-132,872,431380000,0.71402777777777771
2012-01-12,-132,873,431380000,1.9041666666666663
2012-01-12,560,-1630,369524000,0.78736111111111107
2012-01-12,558,-1629,369524000,9.14625
2012-01-12,559,-1629,369524000,12.324861111111112
2012-01-12,560,-1629,369524000,1.6270833333333334
2012-01-12,-104,-1260,432468000,3.5876388888888888
2012-01-12,-103,-1260,432468000,0.012638888888888889
2012-01-12,-107,-3,431753000,0.82166666666666666
2012-01-12,-107,-2,431753000,0.87486111111111109
2012-01-12,-108,-3,431753000,7.1380555555555558
2012-01-12,-105,0,431753000,1.8344444444444443
2012-01-12,-103,0,431753000,10.380000000000003
2012-01-12,-106,-1,431753000,1.6318055555555553
2012-01-12,-104,0,431753000,0.935
2012-01-12,-28,-1700,529417000,3.6184722222222221
2012-01-12,-31,-1706,529417000,8.1833333333333336
2012-01-12,-30,-1705,529417000,0.73569444444444443
2012-01-12,-46,-1595,440617000,1.8456944444444441
2012-01-12,-181,114,312649000,3.6950000000000007
2012-01-12,431,37,227913000,2.8277777777777775
2012-01-12,432,37,227913000,0.41402777777777777
2012-01-12,432,39,227913000,2.6666666666666665
2012-01-12,432,38,227913000,1.3940277777777779
2012-01-12,-140,-1292,440777000,3.6581944444444443
2012-01-12,-419,-584,701033000,0.81694444444444447
2012-01-12,-419,-583,701033000,23.925
2012-01-12,570,-1535,367465260,9.9455555555555559
2012-01-12,-15,1700,440670000,1.8052777777777773
2012-01-12,-17,1701,440670000,2.7177777777777781
2012-01-12,-16,1701,440670000,0.99375000000000013
2012-01-12,-16,1700,440670000,0.9308333333333334
2012-01-12,-21,1725,440542000,3.0248611111111114
2012-01-12,-20,1726,440542000,5.5111111111111111
2012-01-12,-22,1726,440542000,5.4319444444444445
2012-01-12,-22,1725,440542000,3.5501388888888887
2012-01-12,660,-269,251102000,11.537222222222223
2012-01-12,58,1741,431070000,0.91902777777777778
2012-01-12,56,1740,431070000,2.4252777777777781
2012-01-12,56,1739,431070000,0.62055555555555564
2012-01-12,58,1740,431070000,0.92763888888888857
2012-01-12,531,1543,273819700,11.110000000000001
2012-01-12,-416,-607,701000757,9.119305555555556
2012-01-12,-419,-606,701000757,1.597361111111111
2012-01-12,-417,-605,701000757,1.1984722222222222
2012-01-12,-416,-604,701000757,9.603749999999998
2012-01-12,-420,-606,701000757,9.0975
2012-01-12,-417,-606,701000757,1.6026388888888889
2012-01-12,53,1715,431251000,3.717777777777779
2012-01-12,53,1716,431251000,1.8259722222222226
2012-01-12,-16,1714,441811000,3.702638888888889
2012-01-12,-18,1712,441811000,8.9473611111111087
2012-01-12,-15,1714,441811000,1.8322222222222222
2012-01-12,21,1764,440659000,1.822222222222222
2012-01-12,21,1765,440659000,2.1636111111111118
2012-01-12,22,1758,440659000,8.1744444444444433
2012-01-12,20,1765,440659000,1.4944444444444438
2012-01-12,21,1763,440659000,4.52152777777778
2012-01-12,-441,-608,701000765,9.5370833333333334
2012-01-12,-10,1705,224680000,2.8320833333333333
2012-01-12,-10,1707,224680000,5.4368055555555559
2012-01-12,-10,1706,224680000,3.5306944444444439
2012-01-12,-454,-606,701006144,15.475138888888891
2012-01-12,535,58,245352000,3.2863888888888888
2012-01-12,535,57,245352000,0.909861111111111
2012-01-12,534,58,245352000,1.7705555555555557
2012-01-12,534,59,245352000,0.59638888888888886
2012-01-12,535,59,245352000,1.0975000000000001
2012-01-12,-553,-660,725012800,1.6416666666666668
2012-01-12,-554,-660,725012800,0.77888888888888885
2012-01-12,539,-60,235000897,0.19027777777777777
2012-01-12,538,-60,235000897,0.20430555555555557
2012-01-12,538,-59,235000897,0.66680555555555554
2012-01-12,539,-59,235000897,0.58819444444444446
2012-01-12,538,-58,235000897,2.1715277777777779
2012-01-12,194,-922,367345990,7.2776388888888892
2012-01-12,-112,-1223,440765000,1.8206944444444439
2012-01-12,-111,-1223,440765000,6.1597222222222214
2012-01-12,-113,-1223,440765000,0.92236111111111119
2012-01-12,-113,-1222,440765000,0.909861111111111
2012-01-12,-111,-1222,440765000,4.5094444444444441
2012-01-12,-105,-1223,440765000,9.1168055555555547
2012-01-12,-81,-1286,431869000,3.8386111111111112
2012-01-12,-83,-1285,431869000,4.9163888888888891
2012-01-12,548,-1650,367117390,22.18625
2012-01-12,548,-1649,367117390,1.6180555555555554
2012-01-12,-458,-607,441330000,9.0629166666666663
2012-01-12,-459,-608,440818000,9.0916666666666668
2012-01-12,536,-118,218066000,11.583472222222223
2012-01-12,540,-114,218066000,6.7152777777777777
2012-01-12,-459,-608,441298000,24.595416666666665
2012-01-12,524,-133,250136400,7.5304166666666665
2012-01-12,527,-127,250136400,7.6359722222222217
2012-01-12,108,-304,431154000,4.3873611111111117
2012-01-12,105,-309,431154000,5.4736111111111105
2012-01-12,-140,-1350,440807000,4.3568055555555558
2012-01-12,-140,-1347,440807000,0.97499999999999987
2012-01-12,-140,-1346,440807000,0.85388888888888892
2012-01-12,56,-1785,529415000,4.5137500000000044
2012-01-12,59,-1785,529415000,0.62611111111111106
2012-01-12,56,-1786,529415000,1.7986111111111109
2012-01-12,59,-1787,529415000,0.96930555555555542
2012-01-12,58,-1785,529415000,1.070972222222222
2012-01-12,59,-1789,529415000,1.8099999999999998
2012-01-12,59,-1786,529415000,0.66277777777777769
2012-01-12,491,-88,228004700,5.1393055555555556
2012-01-12,491,-89,228004700,5.1393055555555556
2012-01-12,649,-275,251126110,0.065138888888888885
2012-01-12,649,-276,251126110,4.787638888888889
2012-01-12,-26,-1792,441084000,4.4872222222222229
2012-01-12,-23,-1791,441084000,8.1769444444444446
2012-01-12,-28,-1793,441084000,1.3254166666666665
2012-01-12,-31,-1795,441084000,1.8325
2012-01-12,-30,-1794,441084000,1.5345833333333334
2012-01-12,-29,-1793,441084000,0.84472222222222226
2012-01-12,-27,-1792,441084000,1.8183333333333329
2012-01-12,-86,6,432444000,0.87111111111111117
2012-01-12,-95,5,432444000,6.5780555555555553
2012-01-12,-95,6,432444000,4.6101388888888888
2012-01-12,-85,6,432444000,6.3899999999999988
2012-01-12,189,-167,312060000,6.3891666666666662
2012-01-12,190,-168,312060000,8.2075
2012-01-12,189,-168,312060000,6.0102777777777776
2012-01-12,650,-125,251452000,6.7498611111111115
2012-01-12,646,-125,251452000,6.6916666666666664
2012-01-12,-62,-1673,36764000,1.8216666666666665
2012-01-12,587,1471,273811300,0.11902777777777779
2012-01-12,-132,-1309,515377000,4.9481944444444457
2012-01-12,-44,-88,431889000,0.84444444444444422
2012-01-12,-39,-88,431889000,5.7415277777777778
2012-01-12,-41,-88,431889000,0.84569444444444453
2012-01-12,-40,-88,431889000,2.7626388888888891
2012-01-12,-44,-89,431889000,3.5683333333333334
2012-01-12,-545,-549,740369000,10.686805555555553
2012-01-12,-545,-554,740369000,0.78277777777777779
2012-01-12,-545,-550,740369000,9.956666666666667
2012-01-12,530,45,245617000,1.0995833333333334
2012-01-12,529,45,245617000,0.78930555555555559
2012-01-12,665,-132,251744110,0.0475
2012-01-12,665,-131,251744110,0.059444444444444446
2012-01-12,537,-60,235014511,1.6225
2012-01-12,538,-60,235014511,0.66236111111111118
2012-01-12,-31,-1706,441062000,8.9427777777777777
2012-01-12,-33,-1702,441062000,2.7098611111111106
2012-01-12,-36,-1703,441062000,2.0498611111111109
2012-01-12,-31,-1703,441062000,2.7429166666666669
2012-01-12,-35,-1702,441062000,1.7115277777777775
2012-01-12,-34,-1702,441062000,1.4451388888888888
2012-01-12,-36,-1702,441062000,2.1462499999999998
2012-01-12,-33,-1703,441062000,3.6050000000000013
2012-01-12,99,1733,431206000,1.7208333333333337
2012-01-12,101,1725,431206000,5.4195833333333328
2012-01-12,101,1726,431206000,4.405277777777779
2012-01-12,101,1727,431206000,0.9513888888888884
2012-01-12,100,1730,431206000,6.8847222222222229
2012-01-12,100,1733,431206000,4.285000000000001
2012-01-12,433,36,228242800,2.00625
2012-01-12,433,37,228242800,0.95263888888888892
2012-01-12,-79,-1298,432454000,5.2283333333333335
2012-01-12,-85,-1297,432454000,4.9016666666666673
2012-01-12,-66,-1302,432454000,2.6415277777777777
2012-01-12,-86,-1297,432454000,3.9213888888888895
2012-01-12,-78,-1298,432454000,1.3119444444444444
2012-01-12,-458,-607,441766000,1.5847222222222221
2012-01-12,-85,-1256,432475000,8.0304166666666674
2012-01-12,-84,-1253,432475000,0.94166666666666654
2012-01-12,-90,-1254,432475000,5.9961111111111114
2012-01-12,-83,-1253,432475000,0.86374999999999991
2012-01-12,-80,-1253,432475000,4.52888888888889
2012-01-12,-138,-1122,432411000,0.99305555555555547
2012-01-12,-361,-732,725000312,12.311250000000001
2012-01-12,434,-17,228315000,0.984861111111111
2012-01-12,738,170,211214200,0.015416666666666667
2012-01-12,738,171,211214200,0.0826388888888889
2012-01-12,542,1546,273849210,0.39374999999999988
2012-01-12,536,65,211223680,1.4604166666666667
2012-01-12,536,64,211223680,2.8284722222222225
2012-01-12,536,63,211223680,0.42486111111111108
2012-01-12,535,67,211223680,2.2652777777777779
2012-01-12,535,66,211223680,3.6733333333333333
2012-01-12,534,68,211223680,12.199583333333331
2012-01-12,51,1765,441072000,8.1338888888888885
2012-01-12,606,-5,234896000,0.675138888888889
2012-01-12,607,-4,234896000,0.88902777777777775
2012-01-12,606,-4,234896000,1.1579166666666667
2012-01-12,605,-5,234896000,0.6218055555555555
2012-01-12,18,1705,441680000,3.7101388888888893
2012-01-12,18,1702,441680000,8.1391666666666662
2012-01-12,17,1707,441680000,1.8609722222222218
2012-01-12,18,1710,441680000,0.867638888888889
2012-01-12,18,1707,441680000,1.357361111111111
2012-01-12,17,1710,441680000,0.93624999999999992
2012-01-12,18,1706,441680000,1.8193055555555553
2012-01-12,-432,1741,512400000,1.6080555555555556
2012-01-12,-435,1741,512400000,1.8384722222222216
2012-01-12,-432,1742,512400000,5.1502777777777773
2012-01-12,-434,1741,512400000,1.2081944444444443
2012-01-12,-436,1742,512400000,8.7355555555555551
2012-01-12,-433,1741,512400000,1.0579166666666666
2012-01-12,205,-176,273353090,0.9375
2012-01-12,203,-176,273353090,1.2149999999999999
2012-01-12,206,-177,273353090,2.713888888888889
2012-01-12,207,-177,273353090,4.4208333333333343
2012-01-12,202,-176,273353090,1.5948611111111113
2012-01-12,204,-176,273353090,0.94708333333333328
2012-01-12,601,-12,232007300,0.32291666666666669
2012-01-12,-18,-1548,440741000,1.0029166666666665
2012-01-12,-18,-1546,440741000,2.0973611111111108
2012-01-12,-18,-1547,440741000,1.8577777777777775
2012-01-12,-41,-1746,529413000,3.7195833333333335
2012-01-12,-38,-1745,529413000,3.4701388888888891
2012-01-12,547,-1651,302348424,12.075138888888882
2012-01-12,547,-1650,302348424,11.02986111111111
2012-01-12,546,-1651,302348424,1.5565277777777777
2012-01-12,-46,-1474,440773000,0.86486111111111108
2012-01-12,-132,-1289,440645000,4.0916666666666668
2012-01-12,37,-1670,440517000,4.3468055555555551
2012-01-12,30,-1658,440517000,1.8695833333333329
2012-01-12,37,-1671,440517000,4.6136111111111111
2012-01-12,32,-1665,440517000,2.36236111111111
2012-01-12,32,-1662,440517000,1.8852777777777778
2012-01-12,32,-1659,440517000,1.7708333333333335
2012-01-12,588,110,265349000,0.12347222222222222
2012-01-12,512,18,227138700,4.6565277777777787
2012-01-12,513,19,227138700,4.31625
2012-01-12,513,18,227138700,3.2925
2012-01-12,511,18,227138700,0.59583333333333333
2012-01-12,512,19,227138700,4.0926388888888887
2012-01-12,542,-56,250000527,0.45736111111111111
2012-01-12,-92,-1225,432346000,0.36
2012-01-12,-93,-1226,432346000,1.3870833333333328
2012-01-12,-93,-1225,432346000,5.5143055555555565
2012-01-12,-84,-1224,432346000,7.985
2012-01-12,38,-1698,441018000,0.57652777777777764
2012-01-12,-138,-1346,440954000,8.2269444444444453
2012-01-12,-138,-1347,440954000,1.8388888888888888
2012-01-12,508,-55,205306000,1.8595833333333334
2012-01-12,508,-54,205306000,1.4698611111111111
2012-01-12,-93,-1292,431802000,4.7684722222222238
2012-01-12,-99,-1294,431802000,1.6138888888888889
2012-01-12,-94,-1293,431802000,4.9041666666666677
2012-01-12,-98,-1295,431802000,7.0426388888888951
2012-01-12,-98,-1294,431802000,0.56833333333333336
2012-01-12,-92,-1292,431802000,2.680277777777778
2012-01-12,-95,-1294,431802000,1.8484722222222221
2012-01-12,-74,-1222,431482000,3.5683333333333334
2012-01-12,-83,-1222,431482000,8.0133333333333336
2012-01-12,-75,-1222,431482000,1.8556944444444443
2012-01-12,-60,-1620,440986000,4.6080555555555547
2012-01-12,-129,-1172,432367000,0.96958333333333313
2012-01-12,-121,-1173,432367000,3.9194444444444447
2012-01-12,-123,-1172,432367000,4.5262499999999992
2012-01-12,-122,-1173,432367000,5.7344444444444456
2012-01-12,-126,-1172,432367000,1.8251388888888889
2012-01-12,-89,-1,431791000,0.88333333333333341
2012-01-12,-91,-2,431791000,0.9276388888888889
2012-01-12,-90,-2,431791000,1.8236111111111106
2012-01-12,-90,-1,431791000,1.5765277777777775
2012-01-12,-97,0,431791000,4.554444444444445
2012-01-12,-76,127,441295000,1.0072222222222222
2012-01-12,-79,129,441295000,0.86708333333333321
2012-01-12,-78,128,441295000,1.8311111111111109
2012-01-12,-77,128,441295000,1.8095833333333331
2012-01-12,-134,-1237,440847000,3.5902777777777777
2012-01-12,-119,-1646,366927000,4.4177777777777827
2012-01-12,520,41,244670362,1.3505555555555555
2012-01-12,521,42,244670362,1.25
2012-01-12,521,43,244670362,0.81236111111111109
2012-01-12,520,42,244670362,0.6759722222222222
2012-01-12,537,-61,250000283,2.9872222222222224
2012-01-12,536,-60,250000283,0.2697222222222222
2012-01-12,-463,-608,416031900,12.311388888888889
2012-01-12,-44,-1718,735057565,3.0448611111111115
2012-01-12,-44,-1717,735057565,1.9725
2012-01-12,107,-326,441060000,8.25513888888889
2012-01-12,-201,366,432228000,1.6498611111111112
2012-01-12,-204,363,432228000,6.665277777777777
2012-01-12,-202,366,432228000,1.5662499999999995
2012-01-12,-202,364,432228000,1.8126388888888887
2012-01-12,-202,365,432228000,1.7940277777777778
2012-01-12,-205,364,432228000,2.8966666666666665
2012-01-12,-200,366,432228000,1.3780555555555556
2012-01-12,-201,365,432228000,6.577638888888889
2012-01-12,-459,-608,441412000,11.504027777777779
2012-01-12,38,1769,440900000,3.4963888888888888
2012-01-12,-22,1792,440772000,8.135694444444443
2012-01-12,-23,1797,440772000,0.89013888888888881
2012-01-12,-23,1798,440772000,0.94583333333333319
2012-01-12,-25,-1800,440772000,0.86069444444444443
2012-01-12,-24,1799,440772000,1.6254166666666667
2012-01-12,-25,1799,440772000,0.52194444444444443
2012-01-12,-23,1796,440772000,4.5240277777777793
2012-01-12,-111,-1158,431704230,3.950277777777778
2012-01-12,-118,-1156,431704230,0.0055555555555555558
2012-01-12,-119,-1156,431704230,5.5502777777777759
2012-01-12,-112,-1158,431704230,5.7190277777777787
2012-01-12,-118,-1154,431704230,0.80666666666666664
2012-01-12,-111,-1154,431704230,3.55
2012-01-12,-112,-1154,431704230,0.94
2012-01-12,-118,-1155,431704230,0.50277777777777777
2012-01-12,-114,-1154,431704230,1.8443055555555552
2012-01-12,-117,-1154,431704230,1.3393055555555551
2012-01-12,70,1769,441081000,1.8334722222222219
2012-01-12,70,1770,441081000,0.88694444444444442
2012-01-12,70,1768,441081000,9.1202777777777779
2012-01-12,-436,1765,440761000,15.988888888888885
2012-01-12,-437,1765,440761000,2.5319444444444441
2012-01-12,-437,1764,440761000,1.1029166666666668
2012-01-12,-197,-1047,224313000,5.3816666666666668
2012-01-12,-198,-1047,224313000,1.8456944444444443
2012-01-12,-201,-1048,224313000,4.8804166666666671
2012-01-12,-199,-1048,224313000,1.2213888888888884
2012-01-12,-200,-1048,224313000,1.0995833333333331
2012-01-12,-194,-1045,224313000,4.8765277777777776
2012-01-12,-195,-1046,224313000,4.89861111111111
2012-01-12,-552,-723,725001900,1.9662499999999998
2012-01-12,-552,-724,725001900,0.83916666666666662
2012-01-12,-551,-724,725001900,10.75111111111111
2012-01-12,429,1349,273345710,0.14166666666666672
2012-01-12,655,-280,251790000,12.375000000000004
2012-01-12,656,-280,251790000,11.547083333333331
2012-01-12,657,-279,251790000,7.4680555555555559
2012-01-12,91,-461,441070000,0.86805555555555558
2012-01-12,91,-462,441070000,1.0184722222222222
2012-01-12,-144,-1117,431182000,1.2276388888888887
2012-01-12,-144,-1118,431182000,1.0627777777777774
2012-01-12,317,-313,224110000,1.6066666666666669
2012-01-12,315,-314,224110000,4.3
2012-01-12,321,-313,224110000,1.2774999999999999
2012-01-12,322,-313,224110000,0.867361111111111
2012-01-12,315,-315,224110000,5.5744444444444445
2012-01-12,323,-313,224110000,0.89513888888888893
2012-01-12,-457,-607,667342000,32.503194444444446
2012-01-12,-113,-1189,431022000,4.370972222222222
2012-01-12,-113,-1188,431022000,0.36652777777777773
2012-01-12,-113,-1193,431022000,0.8291666666666665
2012-01-12,-115,-1193,431022000,4.897222222222223
2012-01-12,-114,-1193,431022000,0.80944444444444441
2012-01-12,-112,-1194,431022000,3.9055555555555554
2012-01-12,51,-1789,520227000,0.90416666666666667
2012-01-12,51,-1790,520227000,0.82069444444444439
2012-01-12,51,-1788,520227000,0.87222222222222223
2012-01-12,-450,423,441667000,0.77486111111111111
2012-01-12,-450,424,441667000,1.6640277777777777
2012-01-12,-449,424,441667000,8.2661111111111119
2012-01-12,-450,425,441667000,1.5808333333333333
2012-01-12,-449,422,441667000,1.6191666666666666
2012-01-12,-446,420,441667000,8.3218055555555566
2012-01-12,-447,421,441667000,1.6083333333333334
2012-01-12,533,47,245795000,1.8888888888888888
2012-01-12,-46,396,258051000,0.82208333333333328
2012-01-12,-44,398,258051000,2.3004166666666666
2012-01-12,-46,397,258051000,0.61083333333333334
2012-01-12,36,1784,440963000,3.5386111111111114
2012-01-12,37,1784,440963000,0.86930555555555555
2012-01-12,37,1783,440963000,1.587083333333333
2012-01-12,-128,-1104,431395000,4.9444444444444446
2012-01-12,-134,-1105,431395000,4.8681944444444456
2012-01-12,-132,-1104,431395000,1.8191666666666666
2012-01-12,-124,-1104,431395000,3.5722222222222224
2012-01-12,-127,-1104,431395000,3.9765277777777777
2012-01-12,-125,-1104,431395000,3.6843055555555555
2012-01-12,-129,-1104,431395000,1.8408333333333331
2012-01-12,36,1792,441251000,0.86944444444444446
2012-01-12,36,1789,441251000,0.47361111111111109
2012-01-12,36,1790,441251000,0.88069444444444456
2012-01-12,-449,-615,701000636,9.4525
2012-01-12,-451,-619,701000636,9.9213888888888881
2012-01-12,-451,-620,701000636,9.93388888888889
2012-01-12,543,1623,273829310,3.1848611111111111
2012-01-12,557,-1636,366338750,2.4408333333333343
2012-01-12,38,-1798,440952000,1.6170833333333328
2012-01-12,38,-1796,440952000,0.86958333333333326
2012-01-12,-294,607,263576000,5.3890277777777751
2012-01-12,-183,-795,900200898,5.87375
2012-01-12,644,-123,251143110,6.838750000000001
2012-01-12,643,-111,251143110,6.691527777777778
2012-01-12,532,-96,250105800,5.6126388888888892
2012-01-12,130,1779,431053000,0.85305555555555557
2012-01-12,130,1778,431053000,1.0150000000000001
2012-01-12,133,1782,431053000,6.305416666666666
2012-01-12,131,1775,431053000,1.8415277777777774
2012-01-12,130,1782,431053000,2.3933333333333331
2012-01-12,137,1777,431053000,6.62375
2012-01-12,131,1782,431053000,0.84305555555555556
2012-01-12,85,1557,431853000,0.85569444444444442
2012-01-12,85,1556,431853000,0.7983333333333329
2012-01-12,81,1560,431853000,1.8054166666666664
2012-01-12,85,1554,431853000,0.94736111111111077
2012-01-12,88,1546,431853000,4.9624999999999995
2012-01-12,88,1552,431853000,0.922222222222222
2012-01-12,87,1552,431853000,2.7125
2012-01-12,85,1553,431853000,2.15
2012-01-12,474,-476,231053000,19.804583333333337
2012-01-12,472,-476,231053000,0.78708333333333336
2012-01-12,473,-476,231053000,8.3588888888888881
2012-01-12,475,-476,231053000,0.63069444444444434
2012-01-12,-60,-1621,440781000,0.80500000000000016
2012-01-12,-60,-1620,440781000,1.5955555555555549
2012-01-12,-60,-1622,440781000,3.1411111111111123
2012-01-12,-60,-1619,440781000,4.47625
2012-01-12,-20,-1549,441645000,0.82777777777777783
2012-01-12,-20,-1552,441645000,3.784305555555556
2012-01-12,-20,-1553,441645000,0.87041666666666651
2012-01-12,514,11,234093000,17.934583333333332
2012-01-12,514,10,234093000,3.9851388888888888
2012-01-12,514,12,234093000,4.4375
2012-01-12,-81,-1254,431490000,0.8555555555555554
2012-01-12,-83,-1254,431490000,0.83194444444444438
2012-01-12,-90,-1254,431490000,0.870833333333333
2012-01-12,-84,-1254,431490000,0.99458333333333337
2012-01-12,-91,-1255,431490000,4.3740277777777772
2012-01-12,-80,-1254,431490000,1.00125
2012-01-12,-86,-1255,431490000,4.8993055555555554
2012-01-12,-85,-1255,431490000,3.8931944444444451
2012-01-12,-79,-1254,431490000,3.5498611111111105
2012-01-12,-10,1505,432738000,0.83722222222222209
2012-01-12,-10,1504,432738000,5.0620833333333355
2012-01-12,-100,863,432226000,0.25833333333333336
2012-01-12,-459,-607,441410000,11.95
2012-01-12,-459,-608,441410000,12.298055555555555
2012-01-12,-138,-1265,440770000,5.21416666666667
2012-01-12,-140,-1265,440770000,0.97333333333333316
2012-01-12,106,-456,440642000,11.881666666666666
2012-01-12,106,-458,440642000,10.040277777777778
2012-01-12,104,-327,431682000,0.83055555555555549
2012-01-12,104,-325,431682000,1.8327777777777778
2012-01-12,103,-327,431682000,1.7070833333333324
2012-01-12,106,-320,431682000,4.3898611111111112
2012-01-12,102,-323,431682000,5.4873611111111114
2012-01-12,104,-323,431682000,4.6843055555555564
2012-01-12,105,-317,431682000,2.7213888888888889
2012-01-12,104,-326,431682000,4.8175
2012-01-12,514,1561,273423060,1.2970833333333334
2012-01-12,117,1700,431447000,5.5083333333333355
2012-01-12,115,1699,431447000,0.86361111111111111
2012-01-12,117,1699,431447000,3.3526388888888894
2012-01-12,116,1699,431447000,0.18652777777777776
2012-01-12,88,-290,432503000,2.7263888888888888
2012-01-12,86,-289,432503000,4.3544444444444448
2012-01-12,88,-294,432503000,5.4818055555555567
2012-01-12,446,-21,227575000,19.438055555555557
2012-01-12,-458,-607,441303000,23.852916666666665
2012-01-12,-46,-1438,441047000,0.83930555555555553
2012-01-12,-106,-1224,440919000,1.7965277777777777
2012-01-12,-108,-1224,440919000,1.3601388888888886
2012-01-12,-107,-1226,440919000,4.5473611111111119
2012-01-12,-107,-1224,440919000,8.8423611111111118
2012-01-12,-107,-1223,440919000,5.9943055555555569
2012-01-12,51,-1725,440620000,9.1143055555555552
2012-01-12,547,-1649,303628000,1.6068055555555554
2012-01-12,547,-1650,303628000,0.25708333333333333
2012-01-12,431,37,227317990,0.99208333333333332
2012-01-12,587,-79,228205800,0.084999999999999992
2012-01-12,-91,-1274,431329000,4.3445833333333344
2012-01-12,-85,-1275,431329000,3.8483333333333345
2012-01-12,-89,-1276,431329000,1.8431944444444441
2012-01-12,-86,-1275,431329000,4.9222222222222234
2012-01-12,-92,-1274,431329000,1.7354166666666662
2012-01-12,-91,-1275,431329000,8.24625
2012-01-12,-89,-1275,431329000,0.917777777777778
2012-01-12,-92,-1275,431329000,1.282083333333333
2012-01-12,-3,1706,444095214,1.8181944444444442
2012-01-12,-5,1705,444095214,1.8208333333333333
2012-01-12,-7,1704,444095214,0.81805555555555554
2012-01-12,640,-232,251504110,19.074861111111108
2012-01-12,-16,1691,538060015,0.60277777777777775
2012-01-12,-16,1692,538060015,1.248472222222222
2012-01-12,554,1549,273825520,9.9097222222222214
2012-01-12,554,1550,273825520,2.1041666666666665
2012-01-12,552,1545,273825520,11.520555555555555
2012-01-12,-163,-1164,431382000,0.275
2012-01-12,-25,1686,440886000,0.13055555555555556
2012-01-12,-34,1681,440886000,8.1536111111111129
2012-01-12,-31,1684,440886000,1.7247222222222218
2012-01-12,-32,1684,440886000,0.81541666666666668
2012-01-12,-34,1684,440886000,1.8349999999999995
2012-01-12,-24,1686,440886000,0.88374999999999992
2012-01-12,-33,1684,440886000,1.3572222222222219
2012-01-12,-35,1683,440886000,3.7115277777777789
2012-01-12,-17,1734,440822000,2.8472222222222223
2012-01-12,431,37,227315440,0.25208333333333333
2012-01-12,430,37,227315440,12.099305555555556
2012-01-12,431,38,227315440,1.0341666666666667
2012-01-12,629,-244,251141110,7.4997222222222222
2012-01-12,628,-246,251141110,11.545694444444445
2012-01-12,113,-171,440747000,2.2416666666666667
2012-01-12,116,-171,440747000,5.1625000000000005
2012-01-12,115,-172,440747000,3.5370833333333334
2012-01-12,115,-171,440747000,9.9047222222222224
2012-01-12,112,-171,440747000,4.5213888888888887
2012-01-12,114,-171,440747000,2.6280555555555556
2012-01-12,-202,-1059,224619000,2.0372222222222218
2012-01-12,-200,-1059,224619000,2.0999999999999996
2012-01-12,-203,-1059,224619000,4.8863888888888889
2012-01-12,-198,-1057,224619000,9.9101388888888877
2012-01-12,-199,-1059,224619000,5.3950000000000005
2012-01-12,374,-1229,366950140,0.9179166666666666
2012-01-12,374,-1230,366950140,1.1493055555555556
2012-01-12,375,-1230,366950140,0.798611111111111
2012-01-12,372,-1228,366950140,6.7129166666666666
2012-01-12,371,-1228,366950140,1.5208333333333335
2012-01-12,373,-1229,366950140,1.6454166666666667
2012-01-12,372,-1229,366950140,0.37763888888888891
2012-01-12,19,1709,440731000,3.7152777777777795
2012-01-12,19,1704,440731000,8.8545833333333412
2012-01-12,19,1706,440731000,2.1987499999999995
2012-01-12,19,1707,440731000,1.8808333333333331
2012-01-12,19,1708,440731000,1.823333333333333
2012-01-12,19,1705,440731000,5.1961111111111142
2012-01-12,19,1709,441680000,2.4123611111111112
2012-01-12,19,1708,441680000,1.3472222222222221
2012-01-12,19,1707,441680000,0.38041666666666674
2012-01-12,33,-1613,440787000,4.6094444444444447
2012-01-12,33,-1604,440787000,1.2706944444444439
2012-01-12,33,-1603,440787000,0.85013888888888889
2012-01-12,33,-1602,440787000,0.57222222222222219
2012-01-12,33,-1605,440787000,1.8554166666666667
2012-01-12,33,-1612,440787000,4.3487500000000008
2012-01-12,33,-1606,440787000,0.94458333333333333
2012-01-12,33,-1667,440517000,0.48944444444444452
2012-01-12,33,-1666,440517000,1.7034722222222223
2012-01-12,34,-1607,440787000,3.5390277777777781
2012-01-12,34,-1606,440787000,0.03888888888888889
2012-01-12,34,-1668,440517000,4.5059722222222236
2012-01-12,34,-1667,440517000,0.91222222222222216
2012-01-12,34,1782,440963000,3.7111111111111117
2012-01-12,34,1779,440963000,3.4918055555555556
2012-01-12,35,1783,440963000,2.7930555555555547
2012-01-12,35,1782,440963000,0.89430555555555558
2012-01-12,35,1784,440963000,1.2830555555555556
2012-01-12,35,1791,441251000,1.6486111111111112
2012-01-12,35,1790,441251000,0.80138888888888893
2012-01-12,35,1788,441251000,1.8031944444444443
2012-01-12,35,1787,441251000,1.01125
2012-01-12,35,1789,441251000,1.7215277777777775
2012-01-12,39,-1697,441018000,2.803055555555555
2012-01-12,39,1770,440900000,2.1836111111111109
2012-01-12,39,1772,440900000,3.6852777777777779
2012-01-12,39,1769,440900000,6.0051388888888884
2012-01-12,39,-1798,440952000,1.7079166666666665
2012-01-12,39,-1799,440952000,1.3343055555555552
2012-01-12,39,-1796,440952000,0.95402777777777759
2012-01-12,40,1724,441650000,0.85305555555555557
2012-01-12,40,1722,441650000,1.6027777777777772
2012-01-12,40,1723,441650000,1.1941666666666664
2012-01-12,40,-1695,441018000,0.82055555555555548
2012-01-12,40,-1696,441018000,0.99555555555555553
2012-01-12,40,1771,440900000,1.8362499999999997
2012-01-12,40,-1800,440952000,1.8226388888888887
2012-01-12,40,-1794,440952000,0.94833333333333336
2012-01-12,40,1794,440952000,8.1806944444444447
2012-01-12,40,1799,440952000,4.4931944444444456
2012-01-12,40,-1795,440952000,0.88305555555555548
2012-01-12,40,-1798,440952000,0.83972222222222226
2012-01-12,40,1770,440950000,2.7320833333333332
2012-01-12,40,1772,440950000,3.6815277777777777
2012-01-12,41,1721,441650000,1.847083333333333
2012-01-12,41,1724,441650000,1.8302777777777774
2012-01-12,41,1722,440946000,4.344444444444445
2012-01-12,41,1724,440946000,3.0418055555555554
2012-01-12,41,1723,440946000,1.7151388888888888
2012-01-12,41,1721,440946000,9.1654166666666654
2012-01-12,41,-1697,529414000,1.6887499999999998
2012-01-12,41,1769,440920000,1.8320833333333333
2012-01-12,41,1766,440950000,0.9819444444444444
2012-01-12,41,1767,440950000,0.89416666666666667
2012-01-12,41,1769,440950000,1.7686111111111111
2012-01-12,42,1722,441650000,8.1552777777777763
2012-01-12,42,1723,441650000,1.0154166666666666
2012-01-12,42,1724,441650000,1.81125
2012-01-12,42,-1697,529414000,2.3262499999999995
2012-01-12,42,-1694,441018000,1.8170833333333329
2012-01-12,42,-1703,440239000,4.5208333333333339
2012-01-12,42,-1707,440239000,4.3473611111111108
2012-01-12,42,-1702,440239000,1.822222222222222
2012-01-12,42,1790,440590000,1.8540277777777774
2012-01-12,42,1792,440590000,0.974861111111111
2012-01-12,42,1769,440920000,1.5720833333333331
2012-01-12,42,1778,44109000,4.5105555555555572
2012-01-12,42,83,376107000,7.3072222222222232
2012-01-12,43,1719,441650000,0.80680555555555555
2012-01-12,43,1720,441650000,1.0181944444444442
2012-01-12,43,-1697,529414000,0.94708333333333317
2012-01-12,43,-1696,529414000,0.53736111111111107
2012-01-12,43,-1695,529414000,0.10180555555555555
2012-01-12,43,1769,441072000,1.8331944444444441
2012-01-12,43,-1702,440239000,1.3055555555555554
2012-01-12,43,-1704,440239000,4.6011111111111109
2012-01-12,43,1789,440590000,1.4836111111111105
2012-01-12,43,1768,440920000,1.0319444444444446
2012-01-12,43,1769,440920000,2.0277777777777772
2012-01-12,43,1778,44109000,1.8183333333333331
2012-01-12,43,1780,44109000,1.8127777777777776
2012-01-12,43,1779,44109000,1.5927777777777774
2012-01-12,43,1770,441483000,2.7254166666666668
2012-01-12,43,83,376107000,10.954166666666666
2012-01-12,44,-1705,441043000,1.6143055555555554
2012-01-12,44,-1695,529414000,1.0831944444444443
2012-01-12,44,-1696,529414000,3.5238888888888891
2012-01-12,44,1769,441072000,2.7819444444444437
2012-01-12,44,-1773,440549000,1.5956944444444439
2012-01-12,44,-1780,440549000,4.5652777777777782
2012-01-12,44,-1702,440239000,1.4449999999999998
2012-01-12,44,-1703,440239000,0.91527777777777775
2012-01-12,44,1772,440281000,5.4454166666666675
2012-01-12,44,1771,440281000,7.16375
2012-01-12,44,1788,440590000,1.3248611111111106
2012-01-12,44,1789,440590000,0.85555555555555551
2012-01-12,44,1768,440920000,2.2016666666666671
2012-01-12,44,1769,440920000,0.47138888888888891
2012-01-12,44,1779,44109000,1.2069444444444444
2012-01-12,44,1777,44109000,1.3345833333333332
2012-01-12,44,1780,44109000,1.834583333333333
2012-01-12,44,1778,44109000,1.3736111111111111
2012-01-12,45,-1706,440820000,0.85555555555555562
2012-01-12,45,-1705,440820000,1.5166666666666664
2012-01-12,45,-1704,441043000,1.679166666666666
2012-01-12,45,1768,441072000,1.4706944444444443
2012-01-12,45,-1781,440549000,4.3527777777777779
2012-01-12,45,-1777,440549000,5.3519444444444453
2012-01-12,45,-1774,440549000,1.6981944444444441
2012-01-12,45,-1775,440549000,2.1823611111111112
2012-01-12,45,-1776,440549000,0.98277777777777753
2012-01-12,45,-1694,441018000,1.799305555555555
2012-01-12,45,-1704,440239000,1.8640277777777778
2012-01-12,45,1787,440590000,1.8209722222222218
2012-01-12,45,1767,440920000,1.8286111111111107
2012-01-12,45,-1706,441825000,1.8543055555555552
2012-01-12,45,1770,441483000,1.8
2012-01-12,46,-1705,440820000,1.8556944444444441
2012-01-12,46,-1703,441043000,1.8259722222222221
2012-01-12,46,-1704,441043000,2.2084722222222224
2012-01-12,46,-1694,529414000,0.78888888888888875
2012-01-12,46,-1699,529414000,4.3626388888888892
2012-01-12,46,-1701,529414000,4.6166666666666671
2012-01-12,46,1768,441072000,2.1887499999999998
2012-01-12,46,-1773,440549000,1.8298611111111112
2012-01-12,46,-1707,440239000,0.88874999999999971
2012-01-12,46,-1709,440239000,0.8290277777777777
2012-01-12,46,-1710,440239000,0.97791666666666655
2012-01-12,46,-1706,440239000,0.92083333333333328
2012-01-12,46,1787,440590000,4.54388888888889
2012-01-12,46,1766,440920000,3.7145833333333331
2012-01-12,46,-1706,441825000,1.8391666666666662
2012-01-12,46,-1710,441825000,0.9836111111111111
2012-01-12,46,-1709,441825000,0.81375
2012-01-12,46,-1704,441825000,0.89833333333333332
2012-01-12,46,-1705,441825000,0.91305555555555551
2012-01-12,46,-1707,441825000,12.799027777777782
2012-01-12,46,1769,441483000,1.7998611111111111
2012-01-12,47,1773,440778000,1.6999999999999997
2012-01-12,47,1774,440778000,1.5458333333333332
2012-01-12,47,-1707,440820000,6.3155555555555569
2012-01-12,47,-1706,440820000,1.8137499999999995
2012-01-12,47,-1704,440820000,1.8149999999999997
2012-01-12,47,-1705,440820000,1.3137499999999995
2012-01-12,47,1755,441812000,1.8768055555555556
2012-01-12,47,1754,441812000,1.8134722222222222
2012-01-12,47,1756,441812000,0.93791666666666673
2012-01-12,47,-1705,441043000,0.95666666666666655
2012-01-12,47,-1704,441043000,1.8277777777777775
2012-01-12,47,-1694,529414000,0.81388888888888888
2012-01-12,47,1767,441072000,1.8305555555555555
2012-01-12,47,-1773,440549000,1.8209722222222218
2012-01-12,47,1786,440281000,6.4529166666666677
2012-01-12,47,1765,440920000,5.4454166666666675
2012-01-12,47,1769,441483000,10.074722222222222
2012-01-12,48,1772,440778000,2.2247222222222223
2012-01-12,48,1777,440778000,0.9473611111111111
2012-01-12,48,1776,440778000,0.872638888888889
2012-01-12,48,1778,440778000,1.8469444444444443
2012-01-12,48,1754,441812000,1.8166666666666664
2012-01-12,48,-1709,441043000,4.3670833333333334
2012-01-12,48,-1703,441043000,0.88499999999999979
2012-01-12,48,-1704,441043000,0.92972222222222212
2012-01-12,48,-1705,441043000,3.5422222222222226
2012-01-12,48,-1708,441043000,4.6065277777777771
2012-01-12,48,1767,441072000,4.5327777777777767
2012-01-12,48,1786,440281000,0.93652777777777785
2012-01-12,48,1789,440281000,1.8006944444444442
2012-01-12,48,1764,440920000,3.5065277777777775
2012-01-12,48,1770,441483000,1.9252777777777779
2012-01-12,49,1771,440778000,1.8319444444444444
2012-01-12,49,-1711,440820000,8.94888888888889
2012-01-12,49,1754,441812000,9.1513888888888921
2012-01-12,49,-1695,529414000,1.8361111111111108
2012-01-12,49,1783,440590000,8.1143055555555552
2012-01-12,49,-1788,520227000,4.5152777777777784
2012-01-12,50,1770,440778000,3.6962500000000009
2012-01-12,50,1787,440281000,0.87444444444444447
2012-01-12,50,-1794,520227000,1.8763888888888889
2012-01-12,50,-1788,520227000,2.5502777777777776
2012-01-12,50,-1784,520227000,8.1719444444444438
2012-01-12,50,-1787,520227000,2.1763888888888889
2012-01-12,50,-1791,520227000,1.7930555555555554
2012-01-12,50,-1723,440620000,2.1765277777777783
2012-01-12,50,-1724,440620000,1.815
2012-01-12,50,-1722,440620000,1.7427777777777775
2012-01-12,-462,-607,416842000,1.6111111111111112
2012-01-12,-462,-608,515303000,13.502499999999996
2012-01-12,-462,-608,416304000,22.57416666666667
2012-01-12,-462,-608,416031900,11.845833333333333
2012-01-12,-462,-609,440548000,3.5888888888888895
2012-01-12,-462,-608,440548000,9.9127777777777784
2012-01-12,-461,-608,440818000,11.546944444444446
2012-01-12,-461,-608,515303000,0.81819444444444434
2012-01-12,-461,-608,441766000,9.1211111111111123
2012-01-12,-461,-607,416304000,0.80694444444444446
2012-01-12,-461,-609,441360000,8.70986111111111
2012-01-12,-461,-608,441413000,14.782916666666665
2012-01-12,52,1719,431251000,0.84361111111111109
2012-01-12,52,1718,431251000,2.1994444444444441
2012-01-12,52,1720,431251000,0.2961111111111111
2012-01-12,52,-1696,529414000,1.8626388888888881
2012-01-12,52,-1719,440620000,1.8401388888888885
2012-01-12,52,-1722,440620000,1.5750000000000002
2012-01-12,-460,-608,441766000,13.164166666666667
2012-01-12,-460,-608,441413000,1.9544444444444442
2012-01-12,-460,-607,441412000,9.8801388888888884
2012-01-12,-460,-608,441412000,11.122916666666665
2012-01-12,-460,-608,440216000,10.003611111111111
2012-01-12,-460,-606,312376000,23.865277777777781
2012-01-12,-460,-607,312376000,9.0794444444444444
2012-01-12,-460,-607,416032500,0.79305555555555551
2012-01-12,54,1744,431253000,0.86625
2012-01-12,54,1768,440778000,3.5130555555555558
2012-01-12,54,1736,431070000,1.8530555555555555
2012-01-12,54,1722,431251000,0.94249999999999978
2012-01-12,54,1724,431251000,1.8845833333333328
2012-01-12,54,1710,431251000,3.4833333333333334
2012-01-12,54,-1720,440620000,1.8298611111111107
2012-01-12,55,1743,431253000,1.6088888888888881
2012-01-12,55,1744,431253000,0.31736111111111104
2012-01-12,55,1738,431253000,1.8486111111111105
2012-01-12,55,1745,431253000,0.53874999999999984
2012-01-12,55,1742,431253000,0.84041666666666659
2012-01-12,55,1741,431253000,6.410277777777778
2012-01-12,55,1738,431070000,0.86541666666666661
2012-01-12,55,1737,431070000,2.17875
2012-01-12,55,1734,431070000,3.7068055555555568
2012-01-12,55,1739,431070000,0.22916666666666669
2012-01-12,57,1740,431070000,0.98375000000000012
2012-01-12,57,1731,431070000,8.9598611111111133
2012-01-12,57,-1785,529415000,2.20125
2012-01-12,57,-1790,529415000,0.995694444444444
2012-01-12,57,-1789,529415000,0.825
2012-01-12,57,-1780,529415000,4.5740277777777774
2012-01-12,57,-1781,529415000,3.598611111111111
2012-01-12,89,-456,441070000,1.7655555555555555
2012-01-12,89,1552,431853000,2.7516666666666665
2012-01-12,89,1548,431853000,5.5276388888888883
2012-01-12,89,-298,432503000,0.84583333333333344
2012-01-12,89,-297,432503000,1.8286111111111112
2012-01-12,89,-299,432503000,0.96944444444444433
2012-01-12,90,-459,441070000,2.0566666666666666
2012-01-12,90,-457,441070000,1.7208333333333332
2012-01-12,90,-461,441070000,1.7879166666666668
2012-01-12,90,-458,441070000,1.7081944444444441
2012-01-12,90,-295,432503000,2.8945833333333337
2012-01-12,90,-301,432503000,1.7233333333333329
2012-01-12,90,-300,432503000,3.7793055555555553
2012-01-12,90,-299,432503000,1.8526388888888892
2012-01-12,109,1705,431722000,0.638611111111111
2012-01-12,109,-306,431154000,2.6945833333333331
2012-01-12,109,-317,431154000,5.6581944444444465
2012-01-12,109,-314,431154000,0.99055555555555552
2012-01-12,109,-315,431154000,4.1815277777777782
2012-01-12,109,-318,431154000,1.6626388888888886
2012-01-12,109,-316,431154000,1.8390277777777777
2012-01-12,109,-313,431154000,1.9415277777777777
2012-01-12,109,-333,441060000,6.2915277777777776
2012-01-12,109,-355,441057000,1.9138888888888888
2012-01-12,-143,-1291,440966000,5.5066666666666668
2012-01-12,-143,-1120,431182000,4.8937500000000007
2012-01-12,-143,-1296,441015000,4.9308333333333341
2012-01-12,-143,-1292,441015000,4.5284722222222227
2012-01-12,-143,-1297,441015000,3.8833333333333333
2012-01-12,-143,-1291,440503000,2.7055555555555557
2012-01-12,-143,-1297,440503000,4.7570833333333331
2012-01-12,-143,-1296,440503000,4.952638888888889
2012-01-12,-143,-1292,440503000,8.6986111111111128
2012-01-12,-142,739,416757000,2.4944444444444445
2012-01-12,-142,738,416757000,7.3025000000000064
2012-01-12,-142,-1291,440966000,10.090277777777779
2012-01-12,-142,-1290,440966000,1.7916666666666663
2012-01-12,-142,-1289,440966000,1.8195833333333333
2012-01-12,-142,-1123,432411000,1.2073611111111111
2012-01-12,-142,-1124,432411000,1.060972222222222
2012-01-12,-142,-1290,440645000,0.95819444444444446
2012-01-12,-142,-1291,440645000,3.6070833333333332
2012-01-12,-142,-1117,431182000,1.8126388888888885
2012-01-12,-142,-1289,441015000,0.98166666666666647
2012-01-12,-142,-1290,441015000,3.0215277777777776
2012-01-12,-142,-1291,441015000,5.22486111111111
2012-01-12,-142,-1289,440503000,1.8404166666666666
2012-01-12,-142,-1290,440503000,1.2819444444444441
2012-01-12,-141,-1292,440777000,0.0097222222222222224
2012-01-12,-141,-1291,440777000,0.84180555555555547
2012-01-12,-141,-1353,440807000,3.8431944444444444
2012-01-12,-141,-1352,440807000,5.1531944444444449
2012-01-12,-141,-1124,432411000,4.894166666666667
2012-01-12,-141,-1122,432411000,1.8277777777777777
2012-01-12,-141,-1291,440236000,5.39625
2012-01-12,-139,-1290,440777000,1.857361111111111
2012-01-12,-139,-1347,440807000,2.6444444444444444
2012-01-12,-139,-1348,440807000,6.3618055555555557
2012-01-12,-139,-1122,432411000,0.84166666666666667
2012-01-12,-139,-1289,440645000,1.8345833333333328
2012-01-12,-139,-1346,440954000,1.883472222222222
2012-01-12,-139,-1117,431182000,1.8430555555555554
2012-01-12,-139,-1265,440770000,1.2127777777777775
2012-01-12,-139,-1264,440770000,1.8175
2012-01-12,-139,-1289,440236000,1.7945833333333332
2012-01-12,-137,-1289,440777000,1.6111111111111107
2012-01-12,-137,-1290,440777000,1.4194444444444434
2012-01-12,-137,-1291,440777000,4.3334722222222233
2012-01-12,-137,-1288,440645000,0.91388888888888886
2012-01-12,-137,-1347,440954000,2.1581944444444443
2012-01-12,-137,-1121,431182000,4.9572222222222244
2012-01-12,-137,-1263,440770000,4.6611111111111114
2012-01-12,-136,-1295,440777000,7.9818055555555567
2012-01-12,-136,-1328,440574000,6.7430555555555545
2012-01-12,-136,-1327,440574000,3.8473611111111112
2012-01-12,-136,-1331,440574000,5.36388888888889
2012-01-12,-136,-1121,432411000,4.5120833333333339
2012-01-12,-136,-1124,432411000,4.9238888888888894
2012-01-12,-136,-1288,440645000,1.7972222222222216
2012-01-12,-136,-1347,440954000,9.3220833333333317
2012-01-12,-136,-1121,431182000,3.9318055555555551
2012-01-12,-136,-1118,431182000,4.4777777777777779
2012-01-12,-136,-1288,440236000,2.1736111111111112
2012-01-12,-135,-1328,440574000,5.2098611111111115
2012-01-12,-135,-1327,440574000,2.1802777777777771
2012-01-12,-135,-1124,432411000,3.9501388888888886
2012-01-12,-135,-1288,440645000,4.637777777777778
2012-01-12,-135,-1105,431395000,1.0043055555555556
2012-01-12,-135,-1106,431395000,1.2858333333333332
2012-01-12,-135,-1288,440236000,5.2093055555555559
2012-01-12,-133,-1237,440786000,5.995694444444446
2012-01-12,-133,-1243,440786000,8.8905555555555562
2012-01-12,-133,-1236,440786000,2.1626388888888886
2012-01-12,-133,-1304,515377000,5.1955555555555559
2012-01-12,-133,-1308,515377000,4.5394444444444444
2012-01-12,-133,-1305,515377000,2.1806944444444447
2012-01-12,-133,-1307,515377000,5.6993055555555561
2012-01-12,-133,-1237,440847000,0.9194444444444444
2012-01-12,-133,-1265,440770000,8.8672222222222228
2012-01-12,-131,873,431380000,1.8218055555555555
2012-01-12,-131,-1289,440645000,0.84180555555555558
2012-01-12,-131,-1172,432367000,0.83597222222222223
2012-01-12,-131,-1241,440847000,4.7495833333333337
2012-01-12,-131,-1236,440847000,6.1723611111111119
2012-01-12,-131,-1240,440847000,4.9195833333333328
2012-01-12,-131,-1289,440236000,4.923055555555556
2012-01-12,-130,873,431380000,1.0241666666666667
2012-01-12,-130,-1289,440645000,3.8681944444444447
2012-01-12,-130,-1173,432367000,6.04166666666667
2012-01-12,-130,-1172,432367000,0.362638888888889
2012-01-12,-130,-1236,440847000,3.0472222222222234
2012-01-12,-130,-1289,440236000,4.7373611111111114
2012-01-12,138,-312,431038000,4.1676388888888889
2012-01-12,138,-315,431038000,1.6458333333333333
2012-01-12,138,-316,431038000,0.862638888888889
2012-01-12,138,-313,431038000,1.0151388888888888
2012-01-12,138,-314,431038000,0.85569444444444442
2012-01-12,138,1776,431053000,4.6066666666666665
2012-01-12,-101,-1222,431797000,4.8919444444444444
2012-01-12,-101,-1223,431797000,3.8769444444444447
2012-01-12,-101,868,432226000,2.2883333333333336
2012-01-12,-101,867,432226000,1.8622222222222224
2012-01-12,-101,864,432226000,1.8168055555555558
2012-01-12,-101,866,432226000,8.4727777777777771
2012-01-12,-101,863,432226000,0.95680555555555546
2012-01-12,-88,-1284,431869000,6.085
2012-01-12,-88,-1283,431869000,1.3086111111111107
2012-01-12,-88,-1280,431869000,0.10583333333333332
2012-01-12,-88,-1281,431869000,0.84680555555555548
2012-01-12,-88,3,432444000,0.955
2012-01-12,-88,-1253,432475000,0.859722222222222
2012-01-12,-88,-1,431791000,0.83041666666666658
2012-01-12,-88,-1254,431490000,0.8388888888888888
2012-01-12,-88,-1275,431329000,0.94319444444444434
2012-01-12,-87,-1220,431797000,0.8831944444444445
2012-01-12,-87,6,432444000,0.81888888888888878
2012-01-12,-87,5,432444000,1.6586111111111108
2012-01-12,-87,4,432444000,1.7897222222222218
2012-01-12,-87,-1253,432475000,1.3263888888888888
2012-01-12,-87,-1,431791000,0.61125
2012-01-12,-87,-1254,431490000,1.3263888888888884
2012-01-12,-59,-1621,441098000,8.9505555555555585
2012-01-12,-59,-1471,440669000,8.1502777777777773
2012-01-12,-59,-1620,440986000,4.3323611111111111
2012-01-12,-59,-1622,440612000,4.3554166666666676
2012-01-12,-59,-1447,440045000,8.1840277777777786
2012-01-12,-59,-1623,440781000,4.5218055555555559
2012-01-12,-58,-1613,441098000,1.8234722222222222
2012-01-12,-58,-1556,440595000,9.2004166666666674
2012-01-12,-58,-1448,440933000,8.9805555555555578
2012-01-12,-58,-1621,440612000,4.6040277777777776
2012-01-12,-58,-1472,440846000,8.2045833333333338
2012-01-12,-58,-1448,440045000,1.7929166666666667
2012-01-12,-58,-1622,440781000,3.5612500000000002
2012-01-12,-58,-1447,576363000,8.9450000000000021
2012-01-12,-57,-1617,441098000,4.51986111111111
2012-01-12,-57,-1616,441098000,1.4108333333333334
2012-01-12,-57,-1495,440788000,1.8598611111111105
2012-01-12,-57,-1494,440788000,3.2252777777777779
2012-01-12,-57,-1439,440656000,2.675416666666667
2012-01-12,-57,-1478,441029000,1.7933333333333334
2012-01-12,-57,-1614,440986000,0.42347222222222225
2012-01-12,-57,-1616,440986000,4.5297222222222224
2012-01-12,-57,-1615,440986000,2.245833333333334
2012-01-12,-57,-1618,440612000,4.5377777777777784
2012-01-12,-57,-1614,440612000,2.70625
2012-01-12,-57,-1468,440846000,1.0206944444444446
2012-01-12,-57,-1469,440846000,0.8222222222222223
2012-01-12,-57,-1466,440846000,2.7201388888888887
2012-01-12,-57,-1439,440931000,2.7054166666666664
2012-01-12,-57,-1443,440280000,2.7134722222222227
2012-01-12,-57,-1440,440280000,0.86472222222222217
2012-01-12,-57,-1618,441644000,4.589722222222222
2012-01-12,-57,-1620,441644000,4.35013888888889
2012-01-12,-56,-1616,441098000,0.85388888888888892
2012-01-12,-56,-1615,441098000,1.6766666666666665
2012-01-12,-56,-1614,441098000,1.5902777777777777
2012-01-12,-56,-1611,441098000,1.7595833333333335
2012-01-12,-56,-1494,440788000,1.286111111111111
2012-01-12,-56,-1493,440788000,1.2429166666666664
2012-01-12,-56,-1444,440935000,1.7986111111111112
2012-01-12,-56,-1441,440935000,1.9012499999999999
2012-01-12,-56,-1448,440933000,1.8409722222222222
2012-01-12,-56,-1476,441029000,1.9070833333333335
2012-01-12,-56,-1614,440986000,2.843888888888888
2012-01-12,-56,-1617,440612000,2.2655555555555553
2012-01-12,-56,-1616,440612000,1.675
2012-01-12,-56,-1455,440654000,1.7983333333333333
2012-01-12,-56,-1440,440280000,0.98402777777777772
2012-01-12,-56,-1564,440792000,1.8469444444444436
2012-01-12,-56,-1565,440792000,4.5284722222222218
2012-01-12,-56,-1563,440792000,1.2947222222222219
2012-01-12,-56,-1618,441644000,4.5231944444444458
2012-01-12,-56,-1614,441644000,1.8080555555555555
2012-01-12,-56,-1617,441644000,1.4073611111111113
2012-01-12,-56,-1442,576363000,1.8708333333333333
2012-01-12,-56,-1444,576363000,2.7016666666666667
2012-01-12,-56,-1441,576363000,1.8259722222222221
2012-01-12,-55,-1493,440298000,8.1659722222222229
2012-01-12,-55,-1613,441098000,1.8556944444444445
2012-01-12,-55,-1494,440788000,7.7575000000000021
2012-01-12,-55,-1497,440788000,8.1570833333333344
2012-01-12,-55,-1471,440669000,5.4250000000000007
2012-01-12,-55,-1470,440669000,2.725138888888889
2012-01-12,-55,-1622,440636000,1.7565277777777772
2012-01-12,-55,-1623,440636000,3.6431944444444451
2012-01-12,-55,-1448,440933000,0.86805555555555547
2012-01-12,-55,-1613,440986000,1.8818055555555555
2012-01-12,-55,-1615,440612000,1.5979166666666662
2012-01-12,-55,-1614,440612000,2.7293055555555563
2012-01-12,-55,-1470,440846000,1.036111111111111
2012-01-12,-55,-1454,440654000,1.819722222222222
2012-01-12,-55,-1453,440654000,8.98236111111111
2012-01-12,-55,-1568,440792000,4.3066666666666666
2012-01-12,-55,-1563,440792000,2.36236111111111
2012-01-12,-55,-1562,440792000,0.84194444444444438
2012-01-12,-55,-1569,440792000,4.6333333333333346
2012-01-12,-55,-1448,440045000,1.8241666666666665
2012-01-12,-55,-1445,440045000,0.8520833333333333
2012-01-12,-55,-1487,440802000,3.8343055555555559
2012-01-12,-55,-1486,440802000,4.325277777777778
2012-01-12,-55,-1616,441644000,2.9959722222222229
2012-01-12,-55,-1615,441644000,2.9712499999999995
2012-01-12,-55,-1443,576363000,1.7976388888888881
2012-01-12,-55,-1444,576363000,2.1681944444444445
2012-01-12,-55,-1445,576363000,5.024305555555558
2012-01-12,-54,-1489,440298000,5.0287500000000014
2012-01-12,-54,-1486,440298000,1.8268055555555553
2012-01-12,-54,-1487,440298000,2.3666666666666663
2012-01-12,-54,-1488,440298000,1.6290277777777775
2012-01-12,-54,-1625,440636000,4.3448611111111113
2012-01-12,-54,-1622,440636000,1.3979166666666665
2012-01-12,-54,-1439,440656000,1.8618055555555555
2012-01-12,-54,-1447,440933000,1.7819444444444446
2012-01-12,-54,-1484,441029000,8.200277777777778
2012-01-12,-54,-1477,441029000,1.770833333333333
2012-01-12,-54,-1470,440846000,3.0618055555555554
2012-01-12,-54,-1471,440846000,6.7645833333333334
2012-01-12,-54,-1456,440654000,1.8512499999999998
2012-01-12,-54,-1439,440280000,0.901111111111111
2012-01-12,-54,-1448,440045000,4.9769444444444444
2012-01-12,-54,-1445,440045000,0.98930555555555555
2012-01-12,-54,-1483,440802000,5.8559722222222232
2012-01-12,-54,-1482,440802000,3.1415277777777786
2012-01-12,-54,-1481,440802000,0.991527777777778
2012-01-12,-54,-1483,440706000,2.2822222222222224
2012-01-12,-54,-1484,440706000,2.2594444444444446
2012-01-12,-54,-1489,440706000,8.1520833333333336
2012-01-12,-54,-1485,440706000,4.4859722222222205
2012-01-12,-54,-1614,441644000,1.7905555555555557
2012-01-12,-53,-1490,440298000,1.7744444444444445
2012-01-12,-53,-1487,440298000,1.8805555555555555
2012-01-12,-53,-1492,440298000,0.89777777777777779
2012-01-12,-53,-1493,440298000,0.92305555555555552
2012-01-12,-53,-1441,440935000,1.8098611111111111
2012-01-12,-53,-1624,440636000,4.6251388888888885
2012-01-12,-53,-1622,440636000,0.87124999999999952
2012-01-12,-53,-1623,440636000,0.79833333333333334
2012-01-12,-53,-1447,440933000,0.39166666666666666
2012-01-12,-53,-1448,440933000,5.8527777777777814
2012-01-12,-53,-1480,441029000,5.02652777777778
2012-01-12,-53,-1458,440654000,5.8391666666666673
2012-01-12,-53,-1439,440280000,0.936111111111111
2012-01-12,-53,-1446,440045000,1.8615277777777777
2012-01-12,-53,-1447,440045000,2.2580555555555559
2012-01-12,-53,-1448,440045000,1.7262499999999994
2012-01-12,-53,-1483,440706000,1.8352777777777778
2012-01-12,-53,-1468,440705000,2.7306944444444445
2012-01-12,-53,-1470,440705000,1.7848611111111112
2012-01-12,-52,-1636,440927000,1.8227777777777776
2012-01-12,-52,-1639,440927000,8.1575
2012-01-12,-52,-1634,440927000,0.92555555555555558
2012-01-12,-52,-1633,440927000,0.95374999999999988
2012-01-12,-52,-1631,440927000,1.79375
2012-01-12,-52,-1623,440636000,1.5372222222222216
2012-01-12,-52,-1446,440933000,2.2097222222222221
2012-01-12,-52,-1445,440933000,1.1140277777777776
2012-01-12,-52,-1447,440933000,1.3374999999999997
2012-01-12,-52,-1478,441029000,1.8251388888888886
2012-01-12,-52,-1480,441029000,1.7179166666666665
2012-01-12,-52,-1479,441029000,2.25875
2012-01-12,-52,-1458,440654000,1.8487499999999997
2012-01-12,-52,-1459,440654000,1.7287499999999993
2012-01-12,-52,-1440,440504000,3.5902777777777781
2012-01-12,-52,-1485,440706000,0.88069444444444434
2012-01-12,-52,-1489,440706000,2.6798611111111112
2012-01-12,-52,-1486,440706000,0.99583333333333324
2012-01-12,-51,-1634,440927000,0.98124999999999984
2012-01-12,-51,-1633,440927000,2.1437499999999994
2012-01-12,-51,-1635,440927000,4.5281944444444475
2012-01-12,-51,-1632,440927000,2.3502777777777779
2012-01-12,-51,-1634,440584000,2.2525000000000008
2012-01-12,-51,-1633,440584000,1.6963888888888887
2012-01-12,-51,-1631,440584000,1.8359722222222223
2012-01-12,-51,-1640,440584000,4.6233333333333331
2012-01-12,-51,-1635,440584000,6.3080555555555566
2012-01-12,-51,-1639,440584000,4.3141666666666669
2012-01-12,-51,-1632,440584000,3.3980555555555552
2012-01-12,-51,-1439,440935000,0.88333333333333319
2012-01-12,-51,-1445,440935000,8.9877777777777776
2012-01-12,-51,-1621,440636000,0.97763888888888884
2012-01-12,-51,-1627,440636000,1.8027777777777776
2012-01-12,-51,-1624,440636000,1.8466666666666665
2012-01-12,-51,-1622,440636000,0.85847222222222219
2012-01-12,-51,-1438,440656000,1.8323611111111109
2012-01-12,-51,-1459,440654000,1.425138888888889
2012-01-12,-51,-1438,440931000,1.8765277777777778
2012-01-12,-51,-1439,440280000,4.9840277777777784
2012-01-12,-51,-1445,440280000,5.17138888888889
2012-01-12,-51,-1438,440280000,1.2633333333333332
2012-01-12,-51,-1446,440280000,3.7844444444444445
2012-01-12,-51,-1441,440504000,1.9187499999999997
2012-01-12,-51,-1438,440504000,5.0038888888888886
2012-01-12,-51,-1439,440504000,1.7000000000000002
2012-01-12,-51,-1440,440504000,2.2920833333333337
2012-01-12,-50,-1438,440935000,1.3862499999999998
2012-01-12,-50,-1440,440935000,5.0383333333333349
2012-01-12,-50,-1439,440935000,3.4955555555555557
2012-01-12,-50,-1438,440656000,1.4526388888888881
2012-01-12,-50,-1439,440656000,2.2338888888888895
2012-01-12,-50,-1440,440656000,9.1613888888888919
2012-01-12,-50,-1440,440931000,4.987916666666667
2012-01-12,-50,-1445,440931000,8.9591666666666665
2012-01-12,-50,-1439,440931000,2.1608333333333332
2012-01-12,-50,-1438,440280000,1.8537499999999993
2012-01-12,-50,-1439,440280000,0.88444444444444437
2012-01-12,-50,-1469,440705000,0.98208333333333331
2012-01-12,-50,-1470,440705000,0.923472222222222
2012-01-12,-49,-1442,440646000,4.38638888888889
2012-01-12,-49,-1441,440646000,1.9040277777777779
2012-01-12,-49,-1446,440646000,8.1670833333333341
2012-01-12,-49,-1440,440646000,1.8304166666666666
2012-01-12,-49,-1441,440944000,6.2963888888888873
2012-01-12,-49,-1446,440944000,8.2247222222222227
2012-01-12,-49,-1440,440944000,2.7531944444444445
2012-01-12,-49,-1445,440624000,1.8066666666666666
2012-01-12,-49,-1442,440624000,1.8138888888888889
2012-01-12,-49,-1446,440624000,8.17263888888889
2012-01-12,-49,-1440,440624000,0.86791666666666667
2012-01-12,-49,-1439,440624000,0.95694444444444449
2012-01-12,-49,-1438,440931000,1.415555555555555
2012-01-12,-49,-1439,440931000,0.41666666666666669
2012-01-12,-49,-1433,440504000,8.982222222222223
2012-01-12,-49,-1469,440705000,8.1666666666666679
2012-01-12,-49,-1471,440705000,2.4151388888888881
2012-01-12,-49,-1472,440705000,4.3530555555555557
2012-01-12,-49,-1470,440705000,2.2291666666666661
2012-01-12,-48,-1595,440617000,1.8398611111111109
2012-01-12,-48,-1439,440944000,0.95652777777777775
2012-01-12,-48,-1441,440624000,1.8134722222222222
2012-01-12,-48,-1442,440624000,4.3950000000000022
2012-01-12,-48,-1440,440624000,2.7958333333333334
2012-01-12,-48,-1439,440624000,1.8836111111111109
2012-01-12,-48,-1446,440858000,8.1915277777777771
2012-01-12,-48,-1440,440858000,4.982222222222223
2012-01-12,-48,-1446,441047000,8.1983333333333341
2012-01-12,-47,-1439,440703000,2.6909722222222219
2012-01-12,-47,-1440,440703000,1.8999999999999997
2012-01-12,-47,-1441,440703000,8.2447222222222223
2012-01-12,-47,-1595,440617000,1.8027777777777776
2012-01-12,-47,-1439,440858000,2.2054166666666672
2012-01-12,-47,-1440,440858000,0.88055555555555542
2012-01-12,-47,-1438,440858000,0.91402777777777766
2012-01-12,-47,-1440,441047000,1.7055555555555557
2012-01-12,-47,-1439,441047000,3.0973611111111103
2012-01-12,-47,-1438,441047000,0.16958333333333334
2012-01-12,-47,-1444,441047000,1.8177777777777777
2012-01-12,-47,-1447,441047000,1.7895833333333333
2012-01-12,-47,-1441,441047000,6.8987500000000006
2012-01-12,-45,-1595,440617000,9.155972222222216
2012-01-12,-45,-1439,440858000,1.8629166666666666
2012-01-12,-45,-1717,735057565,1.0273611111111109
2012-01-12,-45,397,258051000,0.87055555555555553
2012-01-12,-45,396,258051000,0.80555555555555547
2012-01-12,-45,399,258051000,5.7388888888888889
2012-01-12,-45,398,258051000,1.2488888888888889
2012-01-12,-43,-85,431889000,0.9475
2012-01-12,-43,-83,431889000,1.8093055555555553
2012-01-12,-43,-84,431889000,2.0115277777777778
2012-01-12,-43,-86,431889000,1.8743055555555552
2012-01-12,-43,-87,431889000,2.7934722222222228
2012-01-12,-43,-1746,529413000,0.92708333333333326
2012-01-12,-43,-1440,440858000,0.87986111111111109
2012-01-12,-43,399,258051000,10.818055555555555
2012-01-12,-42,-88,431889000,2.4824999999999995
2012-01-12,-42,-1746,529413000,1.8955555555555552
2012-01-12,-42,-1443,440858000,0.87583333333333335
2012-01-12,-42,-1446,440858000,1.7912499999999998
2012-01-12,-42,-1444,440858000,0.93083333333333329
2012-01-12,-42,-1441,440858000,0.97555555555555562
2012-01-12,-19,1699,440670000,5.4297222222222228
2012-01-12,-19,1700,440670000,3.5130555555555563
2012-01-12,-19,-1546,440741000,0.66680555555555565
2012-01-12,-19,-1553,441645000,3.5533333333333337
2012-01-12,-19,-1551,441645000,1.7887499999999998
2012-01-12,-19,-1552,441645000,1.923472222222222
2012-01-12,-19,-1556,441645000,4.3141666666666669
2012-01-12,-19,-1550,441645000,1.2262499999999998
2012-01-12,-19,-1549,441645000,1.5141666666666664
2012-01-12,-14,1686,440885000,1.3597222222222216
2012-01-12,-14,1685,440885000,0.99333333333333318
2012-01-12,-14,1684,440885000,2.7388888888888889
2012-01-12,-14,1690,440885000,1.8637499999999998
2012-01-12,-14,1698,440670000,1.5844444444444441
2012-01-12,-14,1696,440670000,0.86944444444444435
2012-01-12,-14,1700,440670000,1.2666666666666666
2012-01-12,-14,1699,440670000,1.7279166666666657
2012-01-12,-14,1715,441811000,1.7093055555555554
2012-01-12,-14,1714,441811000,2.1751388888888887
2012-01-12,-14,1701,538060006,4.7027777777777775
2012-01-12,-14,1699,538060006,2.9080555555555549
2012-01-12,-13,1686,440885000,1.0943055555555552
2012-01-12,-13,1696,440670000,0.043055555555555555
2012-01-12,-13,1716,441811000,0.91833333333333322
2012-01-12,-13,1714,441811000,1.8652777777777774
2012-01-12,-13,1715,441811000,2.5083333333333333
2012-01-12,-13,1700,538060006,4.7108333333333334
2012-01-12,-13,1698,538060006,0.28486111111111106
2012-01-12,-13,1699,538060006,1.7654166666666664
